[
    {
        "zSuperIorId": "100002",
        "zSuperIorName": "麻涌镇"
    },
    {
        "zSuperIorId": "100003",
        "zSuperIorName": "大岭山镇"
    },
    {
        "zSuperIorId": "100004",
        "zSuperIorName": "凤岗镇"
    },
    {
        "zSuperIorId": "100005",
        "zSuperIorName": "樟木头镇"
    },
    {
        "zSuperIorId": "100006",
        "zSuperIorName": "横沥镇"
    },
    {
        "zSuperIorId": "100007",
        "zSuperIorName": "企石镇"
    },
    {
        "zSuperIorId": "100008",
        "zSuperIorName": "望牛墩镇"
    },
    {
        "zSuperIorId": "100009",
        "zSuperIorName": "石龙镇"
    },
    {
        "zSuperIorId": "100010",
        "zSuperIorName": "虎门镇"
    },
    {
        "zSuperIorId": "100011",
        "zSuperIorName": "常平镇"
    },
    {
        "zSuperIorId": "100012",
        "zSuperIorName": "万江区"
    },
    {
        "zSuperIorId": "100013",
        "zSuperIorName": "中堂镇"
    },
    {
        "zSuperIorId": "100014",
        "zSuperIorName": "塘厦镇"
    },
    {
        "zSuperIorId": "100015",
        "zSuperIorName": "寮步镇"
    },
    {
        "zSuperIorId": "100016",
        "zSuperIorName": "东坑镇"
    },
    {
        "zSuperIorId": "100017",
        "zSuperIorName": "黄江镇"
    },
    {
        "zSuperIorId": "100018",
        "zSuperIorName": "茶山镇"
    },
    {
        "zSuperIorId": "100019",
        "zSuperIorName": "大朗镇"
    },
    {
        "zSuperIorId": "100020",
        "zSuperIorName": "高埗镇"
    },
    {
        "zSuperIorId": "100021",
        "zSuperIorName": "长安镇"
    },
    {
        "zSuperIorId": "100022",
        "zSuperIorName": "谢岗镇"
    },
    {
        "zSuperIorId": "100023",
        "zSuperIorName": "桥头镇"
    },
    {
        "zSuperIorId": "100024",
        "zSuperIorName": "莞城区"
    },
    {
        "zSuperIorId": "100025",
        "zSuperIorName": "石排镇"
    },
    {
        "zSuperIorId": "100026",
        "zSuperIorName": "清溪镇"
    },
    {
        "zSuperIorId": "100027",
        "zSuperIorName": "石碣镇"
    },
    {
        "zSuperIorId": "100028",
        "zSuperIorName": "道窖镇"
    },
    {
        "zSuperIorId": "100029",
        "zSuperIorName": "厚街镇"
    },
    {
        "zSuperIorId": "100030",
        "zSuperIorName": "沙田镇"
    },
    {
        "zSuperIorId": "100031",
        "zSuperIorName": "洪梅镇"
    },
    {
        "zSuperIorId": "100032",
        "zSuperIorName": "东城区"
    },
    {
        "zSuperIorId": "100088",
        "zSuperIorName": "南城区"
    }
]